;Legal Case Name; Statute Violations; Plaintiff(s) Names; Defendant(s) Names; Trial Location; Judges involved; Jury Verdict or Judge Ruling; Sentencing information; Appeal Status; Evidence presented; Professionals hired; Witnesses called; Relevant Precedents Cited; Financial Implications
0;  Case Name: Smith v. Acme Corporation; Statute Violations: Product Liability, Negligence; Plaintiff(s) Names: John Smith; Defendant(s) Names: Acme Corporation; Trial Location: Hartford, Connecticut; Judges involved: Judge A. Thompson; Jury Verdict or Judge Ruling: Jury Verdict - in favor of the plaintiff; Sentencing information: $2.5 million in compensatory damages; Appeal Status: Pending; Evidence presented: Emails, expert testimony, product blueprints; Professionals hired: Personal injury attorney, economist; Witnesses called: Engineer, product designer, pharmacologist; Relevant Precedents Cited: Anderson v. Honeywell; Financial Implications: Possible large payout, impact on future product safety regulations.
1; Case Name: Rodriguez v. XYZ Industries; Statute Violations: Securities Fraud, Insider Trading; Plaintiff(s) Names: Maria Rodriguez; Defendant(s) Names: XYZ Industries, Joe Doe; Trial Location: New York, New York; Judges involved: Judge L. Chen; Jury Verdict or Judge Ruling: Judge Ruling - in favor of the plaintiff; Sentencing information: Defendant ordered to pay $1.2 million in damages; Appeal Status: Not yet; Evidence presented: Financial records, emails, testimony from financial experts; Professionals hired: Securities attorney, forensic accountant; Witnesses called: Whistleblower, financial analyst; Relevant Precedents Cited: United States v. Newman; Financial Implications: Legal precedent for insider trading cases, loss of reputation for defendant.
2; Case Name: Texas v. Jones; Statute Violations: Murder, Weapons Possession; Plaintiff(s) Names: State of Texas; Defendant(s) Names: John Jones; Trial Location: Dallas, Texas; Judges involved: Judge R. Williams; Jury Verdict or Judge Ruling: Jury Verdict - in favor of the plaintiff; Sentencing information: Life imprisonment; Appeal Status: Pending; Evidence presented: Eyewitness accounts, forensic evidence, ballistics analysis; Professionals hired: Criminal defense attorney, private investigator; Witnesses called: Police officers, forensic experts; Relevant Precedents Cited: Furman v. Georgia; Financial Implications: High cost of trial, impact on public safety policies.
3; Case Name: Taylor v. Bank of America; Statute Violations: Discrimination, Mortgage Fraud; Plaintiff(s) Names: Sarah Taylor; Defendant(s) Names: Bank of America; Trial Location: Los Angeles, California; Judges involved: Judge M. King; Jury Verdict or Judge Ruling: Judge Ruling - in favor of the plaintiff; Sentencing information: Defendant ordered to pay $350,000 in damages; Appeal Status: Not yet; Evidence presented: Mortgage documents, financial records, expert testimony; Professionals hired: Real estate attorney, mortgage analyst; Witnesses called: Real estate appraiser, bank employees; Relevant Precedents Cited: United States v. Stimpson; Financial Implications: Possible impact on banking regulations, legal precedent for mortgage fraud cases.
4; Case Name: Carter v. National Healthcare; Statute Violations: Medical Malpractice, Negligence; Plaintiff(s) Names: James Carter; Defendant(s) Names: National Healthcare, Dr. Jane Doe; Trial Location: Miami, Florida; Judges involved: Judge P. Jackson; Jury Verdict or Judge Ruling: Jury Verdict - in favor of the plaintiff; Sentencing information: $1 million in compensatory damages; Appeal Status: Pending; Evidence presented: Medical records, expert testimony, witness statements; Professionals hired: Medical malpractice attorney, life care planner; Witnesses called: Medical experts, nurses; Relevant Precedents Cited: George v. Shire Hospitals; Financial Implications: Possible impact on medical negligence lawsuits, cost of future medical care for the plaintiff.
5; Case Name: State v. Lee; Statute Violations: DUI, Vehicular Manslaughter; Plaintiff(s) Names: State of New York; Defendant(s) Names: David Lee; Trial Location: Brooklyn, New York; Judges involved: Judge K. Harris; Jury Verdict or Judge Ruling: Jury Verdict - in favor of the plaintiff; Sentencing information: 5 years in prison; Appeal Status: Not yet; Evidence presented: Breathalyzer results, witness statements, police report; Professionals hired: Criminal defense attorney, toxicologist; Witnesses called: Police officer, emergency medical technician; Relevant Precedents Cited: Missouri v. McNeely; Financial Implications: High cost of trial, impact on public safety policies.
6; Case Name: Lim v. ABC Inc.; Statute Violations: Wrongful Termination, Discrimination; Plaintiff(s) Names: Lily Lim; Defendant(s) Names: ABC Inc.; Trial Location: San Francisco, California; Judges involved: Judge T. Kim; Jury Verdict or Judge Ruling: Judge Ruling - in favor of the plaintiff; Sentencing information: Defendant ordered to pay $200,000 in damages; Appeal Status: Not yet; Evidence presented: Employment contract, witness statements, company policies; Professionals hired: Employment attorney, human resources consultant; Witnesses called: HR manager, former coworkers; Relevant Precedents Cited: Price Waterhouse v. Hopkins; Financial Implications: Possible impact on employment laws, cost of trial and damages.
7; Case Name: Washington v. Delta Airlines; Statute Violations: Antitrust Violations, Price Fixing; Plaintiff(s) Names: State of Washington; Defendant(s) Names: Delta Airlines; Trial Location: Seattle, Washington; Judges involved: Judge L. Young; Jury Verdict or Judge Ruling: Judge Ruling - in favor of the plaintiff; Sentencing information: Defendant ordered to pay $10 million in damages; Appeal Status: Pending; Evidence presented: Financial records, correspondence, expert testimony; Professionals hired: Antitrust attorney, economist; Witnesses called: Industry experts, former employees; Relevant Precedents Cited: United States v. American Airlines; Financial Implications: Impact on airline industry regulations, legal precedent for antitrust lawsuits.
8; Case Name: Green v. Acacia Solar; Statute Violations: Breach of Contract, Fraud; Plaintiff(s) Names: Michael Green; Defendant(s) Names: Acacia Solar; Trial Location: Phoenix, Arizona; Judges involved: Judge N. Moore; Jury Verdict or Judge Ruling: Judge Ruling - in favor of the plaintiff; Sentencing information: Defendant ordered to pay $75,000 in damages; Appeal Status: Not yet; Evidence presented: Contract, emails, financial records; Professionals hired: Business attorney, accountant; Witnesses called: Business associates, accountant; Relevant Precedents Cited: Restatement of Contracts; Financial Implications: Impact on contract law, cost of trial and damages.
9; Case Name: Public v. Facebook; Statute Violations: Data Privacy Breach, Negligence; Plaintiff(s) Names: Public interest groups; Defendant(s) Names: Facebook; Trial Location: Menlo Park, California; Judges involved: Judge D. Johnson; Jury Verdict or Judge Ruling: Judge Ruling - in favor of the plaintiff; Sentencing information: Defendant ordered to pay $500 million in damages; Appeal Status: Pending; Evidence presented: Data breach reports, expert testimony, company policies; Professionals hired: Privacy attorney, cybersecurity expert; Witnesses called: Data security experts, company executives; Relevant Precedents Cited: In re Facebook, Inc. Privacy Litigation; Financial Implications: Impact on data privacy regulations, cost of trial and damages.</s>
10;  Case Name: Brown v. Global Enterprises; Statute Violations: Discrimination, Wrongful Termination; Plaintiff(s) Names: Sarah Brown; Defendant(s) Names: Global Enterprises; Trial Location: New York, New York; Judges involved: Judge R. Smith; Jury Verdict or Judge Ruling: Judge Ruling - in favor of the plaintiff; Sentencing information: Defendant ordered to pay $200,000 in damages; Appeal Status: Not yet; Evidence presented: Employment records, witness statements, company policies; Professionals hired: Employment attorney, HR consultant; Witnesses called: Colleagues, supervisor; Relevant Precedents Cited: Landgraf v. USI Film Products; Financial Implications: Impact on employment law, cost of trial and damages.
11; Case Name: Lee v. Stone Tech; Statute Violations: Intellectual Property Theft, Copyright Infringement; Plaintiff(s) Names: John Lee; Defendant(s) Names: Stone Tech; Trial Location: San Jose, California; Judges involved: Judge M. Jackson; Jury Verdict or Judge Ruling: Jury Verdict - in favor of the plaintiff; Sentencing information: Defendant ordered to pay $1.5 million in damages; Appeal Status: Appealed; Evidence presented: Copyright registrations, source code, expert testimony; Professionals hired: Intellectual property attorney, software expert; Witnesses called: Industry experts, co-workers; Relevant Precedents Cited: Oracle America, Inc. v. Google, Inc.; Financial Implications: Impact on software industry, cost of trial and damages.
12; Case Name: Martinez v. City of Oakland; Statute Violations: Police Brutality, Civil Rights Violations; Plaintiff(s) Names: Maria Martinez; Defendant(s) Names: City of Oakland, Officer J. Davis; Trial Location: Oakland, California; Judges involved: Judge K. Brown; Jury Verdict or Judge Ruling: Judge Ruling - in favor of the plaintiff; Sentencing information: Defendant ordered to pay $350,000 in damages; Appeal Status: Not yet; Evidence presented: Police reports, witness statements, medical records; Professionals hired: Civil rights attorney, professional investigator; Witnesses called: Eyewitnesses, medical experts; Relevant Precedents Cited: Monell v. Department of Social Services; Financial Implications: Impact on police accountability, cost of trial and damages.
13; Case Name: Rodriguez v. Smith Farms; Statute Violations: Workplace Safety Violations, Negligence; Plaintiff(s) Names: Jorge Rodriguez; Defendant(s) Names: Smith Farms; Trial Location: Miami, Florida; Judges involved: Judge L. Gonzalez; Jury Verdict or Judge Ruling: Jury Verdict - in favor of the plaintiff; Sentencing information: Defendant ordered to pay $800,000 in damages; Appeal Status: Not yet; Evidence presented: Medical records, witness statements, OSHA reports; Professionals hired: Personal injury attorney, safety consultant; Witnesses called: Co-workers, safety experts; Relevant Precedents Cited: Borel v. Fibreboard Paper Products Corp.; Financial Implications: Impact on workplace safety regulations, cost of trial and damages.
14; Case Name: Patel v. ABC Corporation; Statute Violations: Securities Fraud, Insider Trading; Plaintiff(s) Names: SEC; Defendant(s) Names: Raj Patel, ABC Corporation; Trial Location: Washington, DC; Judges involved: Judge R. Harris; Jury Verdict or Judge Ruling: Judge Ruling - in favor of the plaintiff; Sentencing information: Defendants ordered to pay $10 million in fines; Appeal Status: Appealed; Evidence presented: Financial records, emails, testimony from corporate insiders; Professionals hired: SEC attorney, forensic accountant; Witnesses called: Corporate insiders, financial experts; Relevant Precedents Cited: United States v. O'Hagan; Financial Implications: Impact on securities regulations, cost of trial and fines.
15; Case Name: Jones v. XYZ Manufacturing; Statute Violations: Product Liability, Failure to Warn; Plaintiff(s) Names: Janet Jones; Defendant(s) Names: XYZ Manufacturing; Trial Location: Chicago, Illinois; Judges involved: Judge A. Davis; Jury Verdict or Judge Ruling: Jury Verdict - in favor of the plaintiff; Sentencing information: Defendant ordered to pay $3 million in damages; Appeal Status: Not yet; Evidence presented: Medical records, product manuals, expert testimony; Professionals hired: Product liability attorney, medical expert; Witnesses called: Medical professionals, product engineers; Relevant Precedents Cited: BMW of North America, Inc. v. Gore; Financial Implications: Impact on product safety regulations, cost of trial and damages.
16; Case Name: Cooper v. American Airlines; Statute Violations: Aviation Safety Violations, Negligence; Plaintiff(s) Names: Thomas Cooper; Defendant(s) Names: American Airlines; Trial Location: Dallas, Texas; Judges involved: Judge P. Green; Jury Verdict or Judge Ruling: Judge Ruling - in favor of the plaintiff; Sentencing information: Defendant ordered to pay $1.2 million in damages; Appeal Status: Appealed; Evidence presented: Accident reports, witness statements, airline policies; Professionals hired: Aviation attorney, aviation safety expert; Witnesses called: Accident investigators, airline executives; Relevant Precedents Cited: Aircraft Owners and Pilots Association v. City of New York; Financial Implications: Impact on aviation safety regulations, cost of trial and damages.
17; Case Name: Miller v. National Bank; Statute Violations: Predatory Lending, Discrimination; Plaintiff(s) Names: Susan Miller; Defendant(s) Names: National Bank; Trial Location: New York, New York; Judges involved: Judge S. Chen; Jury Verdict or Judge Ruling: Judge Ruling - in favor of the plaintiff; Sentencing information: Defendant ordered to pay $250,000 in damages; Appeal Status: Not yet; Evidence presented: Loan documents, witness statements, bank policies; Professionals hired: Consumer protection attorney, financial expert; Witnesses called: Bank officers, financial experts; Relevant Precedents Cited: United States v. Residential Funding Corp.; Financial Implications: Impact on consumer protection regulations, cost of trial and damages.
18; Case Name: Davis v. EcoTech; Statute Violations: Environmental Law Violations, Pollution; Plaintiff(s) Names: Environmental Protection Agency; Defendant(s) Names: EcoTech; Trial Location: San Francisco, California; Judges involved: Judge T. White; Jury Verdict or Judge Ruling: Judge Ruling - in favor of the plaintiff; Sentencing information: Defendant ordered to pay $2 million in fines; Appeal Status: Appealed; Evidence presented: Environmental reports, company documents, expert testimony; Professionals hired: Environmental attorney, environmental engineer; Witnesses called: Environmental experts, company executives; Relevant Precedents Cited: Chevron U.S.A. Inc. v. Natural Resources Defense Council, Inc.; Financial Implications: Impact on environmental regulations, cost of trial and fines.
19; Case Name: Taylor v. Alpha Corp; Statute Violations: Whistleblower Retaliation, Wrongful Termination; Plaintiff(s) Names: James Taylor; Defendant(s) Names: Alpha Corp; Trial Location: Washington, DC; Judges involved: Judge H. Robinson; Jury Verdict or Judge Ruling: Jury Verdict - in favor of the plaintiff; Sentencing information: Defendant ordered to pay $750,000 in damages; Appeal Status: Appealed; Evidence presented: Whistleblower complaints, witness statements, company policies; Professionals hired: Employment attorney, HR expert; Witnesses called: Colleagues, supervisors; Relevant Precedents Cited: Whistleblower Protection Act; Financial Implications: Impact on whistleblower protections, cost of trial and damages.</s>
20;  Case Name: Anderson v. Global Corp; Statute Violations: Securities Fraud, Insider Trading; Plaintiff(s) Names: Securities and Exchange Commission; Defendant(s) Names: Global Corp; Trial Location: New York, New York; Judges involved: Judge L. Martin; Jury Verdict or Judge Ruling: Judge Ruling - in favor of the plaintiff; Sentencing information: Defendant ordered to pay $50 million in fines; Appeal Status: Not yet; Evidence presented: Financial records, email communications, testimony from insiders; Professionals hired: Securities attorney, forensic accountant; Witnesses called: Financial analysts, corporate executives; Relevant Precedents Cited: SEC v. Capital Gains Research Bureau; Financial Implications: Impact on securities regulations, cost of trial and fines.
21; Case Name: Patel v. CareCo; Statute Violations: False Claims Act, Healthcare Fraud; Plaintiff(s) Names: United States Department of Justice; Defendant(s) Names: CareCo; Trial Location: Washington, DC; Judges involved: Judge M. Jackson; Jury Verdict or Judge Ruling: Jury Verdict - in favor of the plaintiff; Sentencing information: Defendant ordered to pay $100 million in damages; Appeal Status: Appealed; Evidence presented: Medical records, billing statements, expert testimony; Professionals hired: Healthcare attorney, compliance consultant; Witnesses called: Medical billing experts, hospital administrators; Relevant Precedents Cited: United States ex rel. Harris v. Quinlan; Financial Implications: Impact on healthcare regulations, cost of trial and damages.
22; Case Name: Thompson v. BuildTech; Statute Violations: Construction Defects, Breach of Contract; Plaintiff(s) Names: John Thompson; Defendant(s) Names: BuildTech; Trial Location: Los Angeles, California; Judges involved: Judge R. Garcia; Jury Verdict or Judge Ruling: Jury Verdict - in favor of the plaintiff; Sentencing information: Defendant ordered to pay $1.5 million in damages; Appeal Status: Not yet; Evidence presented: Contracts, construction plans, expert testimony; Professionals hired: Construction attorney, building expert; Witnesses called: Contractors, architects; Relevant Precedents Cited: Bily v. Arthur Young & Co.; Financial Implications: Impact on construction industry practices, cost of trial and damages.
23; Case Name: Kim v. Medico LLC; Statute Violations: Product Liability, Failure to Warn; Plaintiff(s) Names: Linda Kim; Defendant(s) Names: Medico LLC; Trial Location: Chicago, Illinois; Judges involved: Judge P. Smith; Jury Verdict or Judge Ruling: Jury Verdict - in favor of the plaintiff; Sentencing information: Defendant ordered to pay $8 million in damages; Appeal Status: Appealed; Evidence presented: Medical records, product manuals, expert testimony; Professionals hired: Product liability attorney, medical expert; Witnesses called: Medical professionals, company representatives; Relevant Precedents Cited: Davis v. Wyeth; Financial Implications: Impact on product safety regulations, cost of trial and damages.
24; Case Name: Gonzales v. FoodCo; Statute Violations: Food Safety Act Violations; Plaintiff(s) Names: Consumer Protection Agency; Defendant(s) Names: FoodCo; Trial Location: Miami, Florida; Judges involved: Judge K. Franklin; Jury Verdict or Judge Ruling: Judge Ruling - in favor of the plaintiff; Sentencing information: Defendant ordered to pay $15 million in fines; Appeal Status: Not yet; Evidence presented: Inspection reports, food safety records, expert testimony; Professionals hired: Food safety attorney, food science expert; Witnesses called: Food safety inspectors, company executives; Relevant Precedents Cited: United States v. Park; Financial Implications: Impact on food safety regulations, cost of trial and fines.
25; Case Name: Moore v. SoftTech; Statute Violations: Copyright Infringement, Patent Infringement; Plaintiff(s) Names: Software LLC; Defendant(s) Names: SoftTech; Trial Location: Seattle, Washington; Judges involved: Judge A. Johnson; Jury Verdict or Judge Ruling: Jury Verdict - in favor of the plaintiff; Sentencing information: Defendant ordered to pay $20 million in damages; Appeal Status: Appealed; Evidence presented: Copyright records, patent documents, expert testimony; Professionals hired: IP attorney, software expert; Witnesses called: Software developers, intellectual property experts; Relevant Precedents Cited: Oracle America, Inc. v. Google, Inc.; Financial Implications: Impact on software industry practices, cost of trial and damages.
26; Case Name: Lewis v. EduServices; Statute Violations: Discrimination, Breach of Duty; Plaintiff(s) Names: Jane Lewis; Defendant(s) Names: EduServices; Trial Location: Boston, Massachusetts; Judges involved: Judge D. Green; Jury Verdict or Judge Ruling: Jury Verdict - in favor of the plaintiff; Sentencing information: Defendant ordered to pay $500,000 in damages; Appeal Status: Not yet; Evidence presented: Employment records, witness statements, company policies; Professionals hired: Employment attorney, HR expert; Witnesses called: Colleagues, supervisors; Relevant Precedents Cited: Title VII of the Civil Rights Act of 1964; Financial Implications: Impact on employment regulations, cost of trial and damages.
27; Case Name: Hall v. GreenEnergy; Statute Violations: Fraud, Negligent Misrepresentation; Plaintiff(s) Names: Richard Hall; Defendant(s) Names: GreenEnergy; Trial Location: Austin, Texas; Judges involved: Judge E. Nguyen; Jury Verdict or Judge Ruling: Jury Verdict - in favor of the plaintiff; Sentencing information: Defendant ordered to pay $3 million in damages; Appeal Status: Appealed; Evidence presented: Financial records, contract documents, testimony from experts; Professionals hired: Corporate attorney, financial expert; Witnesses called: Financial analysts, company representatives; Relevant Precedents Cited: Erica P. John Fund, Inc. v. Halliburton Co.; Financial Implications: Impact on energy industry practices, cost of trial and damages.
28; Case Name: Clark v. PrimeHealth; Statute Violations: Medical Malpractice, Negligence; Plaintiff(s) Names: Sarah Clark; Defendant(s) Names: PrimeHealth; Trial Location: Philadelphia, Pennsylvania; Judges involved: Judge F. Barnes; Jury Verdict or Judge Ruling: Jury Verdict - in favor of the plaintiff; Sentencing information: Defendant ordered to pay $2.5 million in damages; Appeal Status: Not yet; Evidence presented: Medical records, expert testimony, witness statements; Professionals hired: Medical malpractice attorney, medical expert; Witnesses called: Medical professionals, hospital administrators; Relevant Precedents Cited: Daubert v. Merrell Dow Pharmaceuticals, Inc.; Financial Implications: Impact on healthcare industry practices, cost of trial and damages.
29; Case Name: Nguyen v. TechPro; Statute Violations: Trade Secrets Act Violations; Plaintiff(s) Names: TechPro; Defendant(s) Names: Huy Nguyen; Trial Location: San Jose, California; Judges involved: Judge G. Harris; Jury Verdict or Judge Ruling: Judge Ruling - in favor of the plaintiff; Sentencing information: Defendant ordered to pay $1 million in fines; Appeal Status: Appealed; Evidence presented: Trade secret documents, computer forensics, testimony from experts; Professionals hired: Trade secrets attorney, digital forensics expert; Witnesses called: Company executives, IT professionals; Relevant Precedents Cited: Uniloc USA, Inc. v. Microsoft Corp.; Financial Implications: Impact on technology industry practices, cost of trial and fines.</s>
30;  Case Name: Thompson v. BuildPro; Statute Violations: Construction Defects, Breach of Contract; Plaintiff(s) Names: Jane Thompson; Defendant(s) Names: BuildPro; Trial Location: Atlanta, Georgia; Judges involved: Judge L. Smith; Jury Verdict or Judge Ruling: Jury Verdict - in favor of the plaintiff; Sentencing information: Defendant ordered to pay $4 million in damages; Appeal Status: Appealed; Evidence presented: Construction plans, expert testimony, witness statements; Professionals hired: Construction defect attorney, construction expert; Witnesses called: Construction professionals, project managers; Relevant Precedents Cited: Brief v. Aetna Life Ins. Co.; Financial Implications: Impact on construction industry practices, cost of trial and damages.
31; Case Name: Patel v. FinanceCorp; Statute Violations: Predatory Lending, Unfair Business Practices; Plaintiff(s) Names: Raj Patel; Defendant(s) Names: FinanceCorp; Trial Location: Miami, Florida; Judges involved: Judge K. Johnson; Jury Verdict or Judge Ruling: Judge Ruling - in favor of the plaintiff; Sentencing information: Defendant ordered to pay $1.5 million in damages; Appeal Status: Not yet; Evidence presented: Financial records, loan agreements, testimony from experts; Professionals hired: Consumer protection attorney, financial expert; Witnesses called: Financial analysts, bank representatives; Relevant Precedents Cited: Jones v. Wells Fargo & Co.; Financial Implications: Impact on lending practices, cost of trial and damages.
32; Case Name: Rodriguez v. FoodInc; Statute Violations: False Advertising, Food Safety Violations; Plaintiff(s) Names: Maria Rodriguez; Defendant(s) Names: FoodInc; Trial Location: Los Angeles, California; Judges involved: Judge C. Garcia; Jury Verdict or Judge Ruling: Jury Verdict - in favor of the plaintiff; Sentencing information: Defendant ordered to pay $2 million in damages; Appeal Status: Appealed; Evidence presented: Product packaging, food safety reports, testimony from experts; Professionals hired: Consumer protection attorney, food safety expert; Witnesses called: Food industry professionals, lab technicians; Relevant Precedents Cited: Pecan Park Classics, Inc. v. Stats Perform, Inc.; Financial Implications: Impact on food industry practices, cost of trial and damages.
33; Case Name: Davis v. ITGiant; Statute Violations: Data Protection Act, Invasion of Privacy; Plaintiff(s) Names: David Davis; Defendant(s) Names: ITGiant; Trial Location: Dallas, Texas; Judges involved: Judge P. Wilson; Jury Verdict or Judge Ruling: Judge Ruling - in favor of the plaintiff; Sentencing information: Defendant ordered to pay $750,000 in damages; Appeal Status: Not yet; Evidence presented: Data logs, user agreements, testimony from experts; Professionals hired: Privacy attorney, cybersecurity expert; Witnesses called: IT professionals, privacy consultants; Relevant Precedents Cited: Doe v. Chua; Financial Implications: Impact on data protection practices, cost of trial and damages.
34; Case Name: Simmons v. ChemCo; Statute Violations: Environmental Protection Act, Water Contamination; Plaintiff(s) Names: Jennifer Simmons; Defendant(s) Names: ChemCo; Trial Location: Detroit, Michigan; Judges involved: Judge Q. Moore; Jury Verdict or Judge Ruling: Jury Verdict - in favor of the plaintiff; Sentencing information: Defendant ordered to pay $5 million in damages; Appeal Status: Appealed; Evidence presented: Environmental impact reports, water samples, testimony from experts; Professionals hired: Environmental attorney, environmental engineer; Witnesses called: Environmental scientists, regulatory officials; Relevant Precedents Cited: Pennsylvania v. Union Gas Co.; Financial Implications: Impact on environmental practices, cost of trial and damages.
35; Case Name: Lewis v. MediaMoguls; Statute Violations: Intellectual Property Act, Copyright Infringement; Plaintiff(s) Names: Michael Lewis; Defendant(s) Names: MediaMoguls; Trial Location: New York, New York; Judges involved: Judge E. Walker; Jury Verdict or Judge Ruling: Judge Ruling - in favor of the plaintiff; Sentencing information: Defendant ordered to pay $3 million in damages; Appeal Status: Appealed; Evidence presented: Copyright registration, sales figures, testimony from experts; Professionals hired: Intellectual property attorney, media industry expert; Witnesses called: Copyright experts, media professionals; Relevant Precedents Cited: MCA, Inc. v. Wilson; Financial Implications: Impact on media industry practices, cost of trial and</s>
36;  Case Name: Thompson v. Builders Inc; Statute Violations: Construction Safety Act, Negligence; Plaintiff(s) Names: Emily Thompson; Defendant(s) Names: Builders Inc; Trial Location: Chicago, Illinois; Judges involved: Judge L. Smith; Jury Verdict or Judge Ruling: Jury Verdict - in favor of the plaintiff; Sentencing information: Defendant ordered to pay $1.5 million in damages; Appeal Status: Not yet; Evidence presented: Safety records, accident reports, testimony from experts; Professionals hired: Construction safety attorney, structural engineer; Witnesses called: Safety inspectors, construction workers; Relevant Precedents Cited: Kelly v. builders Inc; Financial Implications: Impact on construction industry safety, cost of trial and damages.
37; Case Name: Patel v. FoodCorp; Statute Violations: Food Safety Modernization Act, Food Contamination; Plaintiff(s) Names: Raj Patel; Defendant(s) Names: FoodCorp; Trial Location: Los Angeles, California; Judges involved: Judge M. Green; Jury Verdict or Judge Ruling: Judge Ruling - in favor of the plaintiff; Sentencing information: Defendant ordered to pay $2 million in damages; Appeal Status: Appealed; Evidence presented: Food safety inspection reports, food samples, testimony from experts; Professionals hired: Food safety attorney, food scientist; Witnesses called: Food safety inspectors, regulatory officials; Relevant Precedents Cited: Supreme Beef v. Shank; Financial Implications: Impact on food safety practices, cost of trial and damages.
38; Case Name: Johnson v. LogisticPro; Statute Violations: Transportation Safety Act, Hours of Service violations; Plaintiff(s) Names: Laura Johnson; Defendant(s) Names: LogisticPro; Trial Location: Houston, Texas; Judges involved: Judge N. Brown; Jury Verdict or Judge Ruling: Jury Verdict - in favor of the plaintiff; Sentencing information: Defendant ordered to pay $1.2 million in damages; Appeal Status: Not yet; Evidence presented: Truck driver logs, vehicle maintenance records, testimony from experts; Professionals hired: Transportation safety attorney, trucking industry expert; Witnesses called: Truck drivers, transportation safety consultants; Relevant Precedents Cited: DOT v. Mendez Trucking; Financial Implications: Impact on transportation safety, cost of trial and damages.
39; Case Name: Garcia v. FinanceCorp; Statute Violations: Truth in Lending Act, Predatory Lending; Plaintiff(s) Names: Carlos Garcia; Defendant(s) Names: FinanceCorp; Trial Location: Miami, Florida; Judges involved: Judge O. Thompson; Jury Verdict or Judge Ruling: Judge Ruling - in favor of the plaintiff; Sentencing information: Defendant ordered to pay $1 million in damages; Appeal Status: Appealed; Evidence presented: Loan agreements, lending records, testimony from experts; Professionals hired: Consumer protection attorney, financial industry expert; Witnesses called: Financial analysts, consumers; Relevant Precedents Cited: Smith v. Greenwood Trust; Financial Implications: Impact on lending practices, cost of trial and damages.
40; Case Name: Kim v. PharmaGiant; Statute Violations: FDA Regulations, Off-label Promotion; Plaintiff(s) Names: Susan Kim; Defendant(s) Names: PharmaGiant; Trial Location: San Francisco, California; Judges involved: Judge P. Johnson; Jury Verdict or Judge Ruling: Judge Ruling - in favor of the plaintiff; Sentencing information: Defendant ordered to pay $2.5 million in damages; Appeal Status: Not yet; Evidence presented: Prescribing records, marketing materials, testimony from experts; Professionals hired: FDA regulations attorney, pharmaceutical industry expert; Witnesses called: Medical practitioners, regulatory officials; Relevant Precedents Cited: Washington v. GlaxoSmithKline; Financial Implications: Impact on pharmaceutical marketing practices, cost of trial and damages.
41; Case Name: Hernandez v. LandDevCo; Statute Violations: Fair Housing Act, Discrimination; Plaintiff(s) Names: Maria Hernandez; Defendant(s) Names: LandDevCo; Trial Location: Phoenix, Arizona; Judges involved: Judge R. Jackson; Jury Verdict or Judge Ruling: Jury Verdict - in favor of the plaintiff; Sentencing information: Defendant ordered to pay $1.8 million in damages; Appeal Status: Appealed; Evidence presented: Housing records, testimony from experts; Professionals hired: Civil rights attorney, housing industry expert; Witnesses called: Housing discrimination experts, residents; Relevant Precedents Cited: United States v. Land Dev Co; Financial Implications: Impact on housing practices, cost of trial and damages.
42; Case Name: Davis v. EnergyCorp; Statute Violations: Clean Air Act, Air Pollution; Plaintiff(s) Names: Daniel Davis; Defendant(s) Names: EnergyCorp; Trial Location: Denver, Colorado; Judges involved: Judge S. White; Jury Verdict or Judge Ruling: Judge Ruling - in favor of the plaintiff; Sentencing information: Defendant ordered to pay $3.5 million in damages; Appeal Status: Not yet; Evidence presented: Air quality data, environmental impact reports, testimony from experts; Professionals hired: Environmental attorney, air quality expert; Witnesses called: Environmental scientists, regulatory officials; Relevant Precedents Cited: Massachusetts v. EPA; Financial Implications: Impact on energy industry practices, cost of trial and damages.
43; Case Name: Anderson v. EducateInc; Statute Violations: Title IX, Sexual Harassment; Plaintiff(s) Names: Sarah Anderson; Defendant(s) Names: EducateInc; Trial Location: Boston, Massachusetts; Judges involved: Judge T. Black; Jury Verdict or Judge Ruling: Judge Ruling - in favor of the plaintiff; Sentencing information: Defendant ordered to pay $2 million in damages; Appeal Status: Appealed; Evidence presented: Witness statements, internal records, testimony from experts; Professionals hired: Civil rights attorney, education industry expert; Witnesses called: Title IX experts, students; Relevant Precedents Cited: Davis v. Monroe County Board of Education; Financial Implications: Impact on educational practices, cost of trial and damages.
44; Case Name: Taylor v. TechFirm; Statute Violations: Americans with Disabilities Act, Discrimination; Plaintiff(s) Names: Robert Taylor; Defendant(s) Names: TechFirm; Trial Location: Seattle, Washington; Judges involved: Judge H. Lewis; Jury Verdict or Judge Ruling: Jury Verdict - in favor of the plaintiff; Sentencing information: Defendant ordered to pay $1.5 million in damages; Appeal Status: Not yet; Evidence presented: Employment records, testimony from experts; Professionals hired: Employment attorney, ADA expert; Witnesses called: ADA compliance experts, employees; Relevant Precedents Cited: Olmstead v. L.C.; Financial Implications: Impact on employment practices, cost of trial and damages.
45; Case Name: Martin v. HealthcareCo; Statute Violations: False Claims Act, Healthcare Fraud; Plaintiff(s) Names: Elizabeth Martin; Defendant(s) Names: HealthcareCo; Trial Location: Atlanta, Georgia; Judges involved: Judge J. Adams; Jury Verdict or Judge Ruling: Judge Ruling - in favor of the plaintiff; Sentencing information: Defendant ordered to pay $4 million in damages; Appeal Status: Appealed; Evidence presented: Medical records, billing records, testimony from experts; Professionals hired: Fraud attorney, healthcare industry expert; Witnesses called: Healthcare fraud experts, whistleblowers; Relevant Precedents Cited: US ex rel. Baker v. Community Health Systems; Financial Implications: Impact on healthcare billing practices, cost of trial and damages.</s>
46;  Case Name: Thompson v. FinServ; Statute Violations: Fair Credit Reporting Act, Identity Theft; Plaintiff(s) Names: James Thompson; Defendant(s) Names: FinServ; Trial Location: New York, New York; Judges involved: Judge L. White; Jury Verdict or Judge Ruling: Judge Ruling - in favor of the plaintiff; Sentencing information: Defendant ordered to pay $3 million in damages; Appeal Status: Appealed; Evidence presented: Financial records, testimony from experts; Professionals hired: Consumer protection attorney, identity theft expert; Witnesses called: Financial experts, victims; Relevant Precedents Cited: Neil v. Rexall Sundown Inc.; Financial Implications: Impact on financial practices, cost of trial and damages.
47; Case Name: Green v. CommuTech; Statute Violations: Telecommunications Act, Unfair Business Practices; Plaintiff(s) Names: Daniel Green; Defendant(s) Names: CommuTech; Trial Location: San Francisco, California; Judges involved: Judge M. Green; Jury Verulict or Judge Ruling: Jury Verdict - in favor of the plaintiff; Sentencing information: Defendant ordered to pay $2.5 million in damages; Appeal Status: Not yet; Evidence presented: Business records, testimony from experts; Professionals hired: Business law attorney, telecommunications expert; Witnesses called: Business experts, consumers; Relevant Precedents Cited: California v. Qualcomm Inc.; Financial Implications: Impact on telecommunications industry, cost of trial and damages.
48; Case Name: Davis v. Edulink; Statute Violations: Copyright Act, Copyright Infringement; Plaintiff(s) Names: Amanda Davis; Defendant(s) Names: Edulink; Trial Location: Los Angeles, California; Judges involved: Judge R. Hall; Jury Verdict or Judge Ruling: Judge Ruling - in favor of the plaintiff; Sentencing information: Defendant ordered to pay $4.5 million in damages; Appeal Status: Appealed; Evidence presented: Copyright registration, sales records, testimony from experts; Professionals hired: Intellectual property attorney, publishing industry expert; Witnesses called: Copyright experts, authors; Relevant Precedents Cited: Harper & Row v. Nation Enterprises; Financial Implications: Impact on publishing practices, cost of trial and damages.
49; Case Name: Bennett v. TransCorp; Statute Violations: Clean Air Act, Environmental Regulations; Plaintiff(s) Names: Holly Bennett; Defendant(s) Names: TransCorp; Trial Location: Chicago, Illinois; Judges involved: Judge S. King; Jury Verdict or Judge Ruling: Jury Verdict - in favor of the plaintiff; Sentencing information: Defendant ordered to pay $5 million in damages; Appeal Status: Not yet; Evidence presented: Environmental studies, testimony from experts; Professionals hired: Environmental attorney, regulations expert; Witnesses called: Environmental experts, community members; Relevant Precedents Cited: Massachusetts v. EPA; Financial Implications: Impact on industrial practices, cost of trial and damages.
50; Case Name: Rodriguez v. WorldBank; Statute Violations: Securities Exchange Act, Insider Trading; Plaintiff(s) Names: Carlos Rodriguez; Defendant(s) Names: WorldBank; Trial Location: Washington D.C.; Judges involved: Judge E. Smith; Jury Verdict or Judge Ruling: Judge Ruling - in favor of the plaintiff; Sentencing information: Defendant ordered to pay $7 million in damages; Appeal Status: Appealed; Evidence presented: Securities records, testimony from experts; Professionals hired: Securities attorney, financial expert; Witnesses called: Securities experts, bank employees; Relevant Precedents Cited: SEC v. Texas Gulf Sulphur Co.; Financial Implications: Impact on securities industry, cost of trial and damages.
51; Case Name: Hall v. BioCure; Statute Violations: Patient Protection and Affordable Care Act, Discrimination; Plaintiff(s) Names: Laura Hall; Defendant(s) Names: BioCure; Trial Location: Miami, Florida; Judges involved: Judge C. Jackson; Jury Verdict or Judge Ruling: Judge Ruling - in favor of the plaintiff; Sentencing information: Defendant ordered to pay $6 million in damages; Appeal Status: Appealed; Evidence presented: Medical records, testimony from experts; Professionals hired: Healthcare attorney, ACA expert; Witnesses called: Healthcare experts, patients; Relevant Precedents Cited: Bragdon v. Abbott; Financial Implications: Impact on healthcare industry, cost of trial and damages.
52; Case Name: Lewis v. DataMate; Statute Violations: Computer Fraud and Abuse Act, Theft of Trade Secrets; Plaintiff(s) Names: Michael Lewis; Defendant(s) Names: DataMate; Trial Location: Dallas, Texas; Judges involved: Judge P. Johnson; Jury Verdict or Judge Ruling: Jury Verdict - in favor of the plaintiff; Sentencing information: Defendant ordered to pay $3.5 million in damages; Appeal Status: Not yet; Evidence presented: Business records, testimony from experts; Professionals hired: Intellectual property attorney, technology expert; Witnesses called: Technology experts, employees; Relevant Precedents Cited: U.S. v. Lange; Financial Implications: Impact on technology industry, cost of trial and damages.
53; Case Name: Cooper v. FoodCo; Statute Violations: Food Safety Modernization Act, Food Safety; Plaintiff(s) Names: Emily Cooper; Defendant(s) Names: FoodCo; Trial Location: Denver, Colorado; Judges involved: Judge G. Brown; Jury Verdict or Judge Ruling: Judge Ruling - in favor of the plaintiff; Sentencing information: Defendant ordered to pay $4.5 million in damages; Appeal Status: Appealed; Evidence presented: Food safety records, testimony from experts; Professionals hired: Food safety attorney, industry expert; Witnesses called: Food safety experts, consumers; Relevant Precedents Cited: In re Schneider; Financial Implications: Impact on food industry, cost of trial and damages.
54; Case Name: Ramirez v. MediaPro; Statute Violations: Digital Millennium Copyright Act, Copyright Infringement; Plaintiff(s) Names: Daniel Ramirez; Defendant(s) Names: MediaPro; Trial Location: San Jose, California; Judges involved: Judge Q. Davis; Jury Verdict or Judge Ruling: Jury Verdict - in favor of the plaintiff; Sentencing information: Defendant ordered to pay $5 million in damages; Appeal Status: Not yet; Evidence presented: Copyright registration, sales records, testimony from experts; Professionals hired: Intellectual property attorney, digital content expert; Witnesses called: Copyright experts, industry professionals; Relevant Precedents Cited: MGM v. Grokster; Financial Implications: Impact on digital content industry, cost of trial and damages.
55; Case Name: Wilson v. Transit Inc; Statute Violations: Americans with Disabilities Act, Discrimination; Plaintiff(s) Names: Susan Wilson; Defendant(s) Names: Transit Inc; Trial Location: Philadelphia, Pennsylvania; Judges involved: Judge H. Moore; Jury Verdict or Judge Ruling: Judge Ruling - in favor of the plaintiff; Sentencing information: Defendant ordered to pay $2.5 million in damages; Appeal Status: Appealed; Evidence presented: Employment records, testimony from experts; Professionals hired: Employment attorney, ADA expert; Witnesses called: ADA compliance experts, employees; Relevant Precedents Cited: Suter v. Arkansas State Highway and Transportation Department; Financial Implications: Impact on transportation industry, cost of trial and damages.</s>
56;  Case Name: Johnson v. Builders Inc; Statute Violations: Fair Housing Act, Discrimination; Plaintiff(s) Names: Robert Johnson; Defendant(s) Names: Builders Inc; Trial Location: Atlanta, Georgia; Judges involved: Judge L. Smith; Jury Verdict or Judge Ruling: Judge Ruling - in favor of the plaintiff; Sentencing information: Defendant ordered to pay $3 million in damages; Appeal Status: Not yet; Evidence presented: Housing records, testimony from experts; Professionals hired: Civil rights attorney, housing expert; Witnesses called: Housing discrimination experts, affected individuals; Relevant Precedents Cited: Gladstone Realtors v. Grace Knight; Financial Implications: Impact on housing industry, cost of trial and damages.
57; Case Name: Lee v. Publishers LLC; Statute Violations: Lanham Act, False Advertising; Plaintiff(s) Names: Emily Lee; Defendant(s) Names: Publishers LLC; Trial Location: New York, New York; Judges involved: Judge K. Johnson; Jury Verdict or Judge Ruling: Jury Verdict - in favor of the plaintiff; Sentencing information: Defendant ordered to pay $6 million in damages; Appeal Status: Appealed; Evidence presented: Advertising records, consumer surveys, testimony from experts; Professionals hired: Intellectual property attorney, marketing expert; Witnesses called: Advertising experts, consumers; Relevant Precedents Cited: Ford Motor Co. v. Summit Motor Products; Financial Implications: Impact on publishing industry, cost of trial and damages.
58; Case Name: Hall v. Software Inc; Statute Violations: Computer Fraud and Abuse Act, Cybercrime; Plaintiff(s) Names: David Hall; Defendant(s) Names: Software Inc; Trial Location: Seattle, Washington; Judges involved: Judge R. Thompson; Jury Verdict or Judge Ruling: Judge Ruling - in favor of the plaintiff; Sentencing information: Defendant ordered to pay $4.5 million in damages; Appeal Status: Not yet; Evidence presented: Computer forensics reports, testimony from experts; Professionals hired: Cybercrime attorney, technology expert; Witnesses called: Cybersecurity experts, industry professionals; Relevant Precedents Cited: United States v. Lori Drew; Financial Implications: Impact on software industry, cost of trial and damages.
59; Case Name: Garcia v. Telecom Inc; Statute Violations: Telecommunications Act, False Advertising; Plaintiff(s) Names: Carlos Garcia; Defendant(s) Names: Telecom Inc; Trial Location: Miami, Florida; Judges involved: Judge P. White; Jury Verdict or Judge Ruling: Jury Verdict - in favor of the plaintiff; Sentencing information: Defendant ordered to pay $7 million in damages; Appeal Status: Appealed; Evidence presented: Advertising records, consumer surveys, testimony from experts; Professionals hired: Telecommunications attorney, marketing expert; Witnesses called: Advertising experts, consumers; Relevant Precedents Cited: Telecommunications Research and Action Center v. Federal Communications Commission; Financial Implications: Impact on telecommunications industry, cost of trial and damages.
60; Case Name: Torres v. Construction Co; Statute Violations: Occupational Safety and Health Act, Workplace Safety; Plaintiff(s) Names: Maria Torres; Defendant(s) Names: Construction Co; Trial Location: Chicago, Illinois; Judges involved: Judge M. Green; Jury Verdict or Judge Ruling: Judge Ruling - in favor of the plaintiff; Sentencing information: Defendant ordered to pay $5.5 million in damages; Appeal Status: Not yet; Evidence presented: Workplace safety records, testimony from experts; Professionals hired: Workplace safety attorney, industry expert; Witnesses called: Workplace safety experts, employees; Relevant Precedents Cited: Gates v. Atlantic Coast Line Railroad Co; Financial Implications: Impact on construction industry, cost of trial and damages.
61; Case Name: Davis v. Banking Corp; Statute Violations: Fair Credit Reporting Act, Consumer Protection; Plaintiff(s) Names: James Davis; Defendant(s) Names: Banking Corp; Trial Location: Dallas, Texas; Judges involved: Judge N. Harris; Jury Verdict or Judge Ruling: Judge Ruling - in favor of the plaintiff; Sentencing information: Defendant ordered to pay $4 million in damages; Appeal Status: Appealed; Evidence presented: Credit reports, testimony from experts; Professionals hired: Consumer protection attorney, credit expert; Witnesses called: Credit experts, affected consumers; Relevant Precedents Cited: Fair Credit Reporting Act case law; Financial Implications: Impact on banking industry, cost of trial and damages.
62; Case Name: Patel v. Pharmacy Inc; Statute Violations: Controlled Substances Act, Drug Diversion; Plaintiff(s) Names: Meera Patel; Defendant(s) Names: Pharmacy Inc; Trial Location: Los Angeles, California; Judges involved: Judge T. Nelson; Jury Verdict or Judge Ruling: Judge Ruling - in favor of the plaintiff; Sentencing information: Defendant ordered to pay $6.5 million in damages; Appeal Status: Not yet; Evidence presented: Pharmacy records, testimony from experts; Professionals hired: Drug diversion attorney, pharmaceutical expert; Witnesses called: Pharmaceutical experts, industry professionals; Relevant Precedents Cited: United States v. Rodolfo Navarro; Financial Implications: Impact on pharmaceutical industry, cost of trial and damages.
63; Case Name: Thompson v. Energy Co; Statute Violations: Clean Air Act, Environmental Violations; Plaintiff(s) Names: Susan Thompson; Defendant(s) Names: Energy Co; Trial Location: Houston, Texas; Judges involved: Judge W. Wilson; Jury Verdict or Judge Ruling: Jury Verdict - in favor of the plaintiff; Sentencing information: Defendant ordered to pay $8 million in damages; Appeal Status: Appealed; Evidence presented: Environmental monitoring data, testimony from experts; Professionals hired: Environmental attorney, environmental expert; Witnesses called: Environmental experts, affected communities; Relevant Precedents Cited: Chevron U.S.A. Inc. v. Natural Resources Defense Council, Inc.; Financial Implications: Impact on energy industry, cost of trial and damages.
64; Case Name: Nelson v. Hospital Corp; Statute Violations: Patient Protection and Affordable Care Act, Medical Malpractice; Plaintiff(s) Names: Laura Nelson; Defendant(s) Names: Hospital Corp; Trial Location: Boston, Massachusetts; Judges involved: Judge D. Brown; Jury Verdict or Judge Ruling: Judge Ruling - in favor of the plaintiff; Sentencing information: Defendant ordered to pay $7.5 million in damages; Appeal Status: Not yet; Evidence presented: Medical records, testimony from experts; Professionals hired: Medical malpractice attorney, healthcare expert; Witnesses called: Medical experts, affected patients; Relevant Precedents Cited: Darling v. Charleston Community Memorial Hospital; Financial Implications: Impact on healthcare industry, cost of trial and damages.
65; Case Name: King v. Automotive Inc; Statute Violations: Motor Vehicle Safety Act, Product Liability; Plaintiff(s) Names: William King; Defendant(s) Names: Automotive Inc; Trial Location: Detroit, Michigan; Judges involved: Judge C. Davis; Jury Verdict or Judge Ruling: Jury Verdict - in favor of the plaintiff; Sentencing information: Defendant ordered to pay $9 million in damages; Appeal Status: Appealed; Evidence presented: Product testing data, testimony from experts; Professionals hired: Product liability attorney, automotive expert; Witnesses called: Automotive experts, affected consumers; Relevant Precedents Cited: Escola v. Coca Cola Bottling Co. of Fresno; Financial Implications: Impact on automotive industry, cost of trial and damages.</s>
66;  Case Name: Davis v. Pharmaceutical Inc; Statute Violations: Federal Food, Drug, and Cosmetic Act, False Claims Act; Plaintiff(s) Names: Emily Davis; Defendant(s) Names: Pharmaceutical Inc; Trial Location: Philadelphia, Pennsylvania; Judges involved: Judge R. Johnson; Jury Verdict or Judge Ruling: Judge Ruling - in favor of the plaintiff; Sentencing information: Defendant ordered to pay $11 million in damages; Appeal Status: Appealed; Evidence presented: Internal company documents, testimony from experts; Professionals hired: Fraud attorney, pharmaceutical expert; Witnesses called: Pharmaceutical experts, affected patients; Relevant Precedents Cited: United States v. Pfizer Inc.; Financial Implications: Impact on pharmaceutical industry, cost of trial and damages.
67; Case Name: Washington v. Telecom Corp; Statute Violations: Communications Act of 1934, Consumer Protection Act; Plaintiff(s) Names: Linda Washington; Defendant(s) Names: Telecom Corp; Trial Location: Seattle, Washington; Judges involved: Judge M. Thompson; Jury Verdict or Judge Ruling: Jury Verdict - in favor of the plaintiff; Sentencing information: Defendant ordered to pay $10 million in damages; Appeal Status: Appealed; Evidence presented: Customer bills, testimony from experts; Professionals hired: Consumer protection attorney, telecommunications expert; Witnesses called: Telecommunications experts, affected consumers; Relevant Precedents Cited: Federal Trade Commission v. AT&T Inc.; Financial Implications: Impact on telecommunications industry, cost of trial and damages.
68; Case Name: Rodriguez v. Construction Co; Statute Violations: Occupational Safety and Health Act, Personal Injury; Plaintiff(s) Names: Carlos Rodriguez; Defendant(s) Names: Construction Co; Trial Location: Los Angeles, California; Judges involved: Judge J. Garcia; Jury Verdict or Judge Ruling: Jury Verdict - in favor of the plaintiff; Sentencing information: Defendant ordered to pay $8.5 million in damages; Appeal Status: Appealed; Evidence presented: Medical records, testimony from experts; Professionals hired: Personal injury attorney, construction safety expert; Witnesses called: Construction safety experts, affected workers; Relevant Precedents Cited: Gross v. FBL Financial Services Inc.; Financial Implications: Impact on construction industry, cost of trial and damages.
69; Case Name: Lewis v. Financial Services Inc; Statute Violations: Securities Exchange Act of 1934, Fraud; Plaintiff(s) Names: James Lewis; Defendant(s) Names: Financial Services Inc; Trial Location: New York, New York; Judges involved: Judge L. Green; Jury Verdict or Judge Ruling: Judge Ruling - in favor of the plaintiff; Sentencing information: Defendant ordered to pay $12 million in damages; Appeal Status: Not yet; Evidence presented: Financial records, testimony from experts; Professionals hired: Securities attorney, financial expert; Witnesses called: Financial experts, affected investors; Relevant Precedents Cited: SEC v. Goldman Sachs & Co.; Financial Implications: Impact on financial services industry, cost of trial and damages.
70; Case Name: Thompson v. Tech Co; Statute Violations: Americans with Disabilities Act, Product Liability; Plaintiff(s) Names: Benjamin Thompson; Defendant(s) Names: Tech Co; Trial Location: San Francisco, California; Judges involved: Judge N. Adams; Jury Verdict or Judge Ruling: Jury Verdict - in favor of the plaintiff; Sentencing information: Defendant ordered to pay $9.5 million in damages; Appeal Status: Appealed; Evidence presented: Product testing data, testimony from experts; Professionals hired: Disability rights attorney, product accessibility expert; Witnesses called: Product accessibility experts, affected individuals; Relevant Precedents Cited: Alexander v. Choices Cafe; Financial Implications: Impact on technology industry, cost of trial and damages.
71; Case Name: Johnson v. Real Estate Corp; Statute Violations: Fair Housing Act, Discrimination; Plaintiff(s) Names: Sarah Johnson; Defendant(s) Names: Real Estate Corp; Trial Location: Atlanta, Georgia; Judges involved: Judge D. White; Jury Verdict or Judge Ruling: Judge Ruling - in favor of the plaintiff; Sentencing information: Defendant ordered to pay $8.2 million in damages; Appeal Status: Appealed; Evidence presented: Housing records, testimony from experts; Professionals hired: Civil rights attorney, fair housing expert; Witnesses called: Fair housing experts, affected families; Relevant Precedents Cited: United States v. Mid-America Services Corp.; Financial Implications: Impact on real estate industry, cost of trial and damages.
72; Case Name: Davis v. Airline Inc; Statute Violations: Airline Deregulation Act, Consumer Protection Act; Plaintiff(s) Names: Rebecca Davis; Defendant(s) Names: Airline Inc; Trial Location: Dallas, Texas; Judges involved: Judge K. Smith; Jury Verdict or Judge Ruling: Jury Verdict - in favor of the plaintiff; Sentencing information: Defendant ordered to pay $10.5 million in damages; Appeal Status: Appealed; Evidence presented: Customer bills, testimony from experts; Professionals hired: Consumer protection attorney, aviation expert; Witnesses called: Aviation experts, affected consumers; Relevant Precedents Cited: Federal Trade Commission v. Southwest Airlines Co.; Financial Implications: Impact on airline industry, cost of trial and damages.
73; Case Name: Green v. Hospital Corp; Statute Violations: Emergency Medical Treatment and Labor Act, Medical Malpractice; Plaintiff(s) Names: Daniel Green; Defendant(s) Names: Hospital Corp; Trial Location: Miami, Florida; Judges involved: Judge E. Lewis; Jury Verdict or Judge Ruling: Jury Verdict - in favor of the plaintiff; Sentencing information: Defendant ordered to pay $11.5 million in damages; Appeal Status: Appealed; Evidence presented: Medical records, testimony from experts; Professionals hired: Medical malpractice attorney, emergency medicine expert; Witnesses called: Emergency medicine experts, affected patients; Relevant Precedents Cited: Woodrum v. United Healthcare Corp.; Financial Implications: Impact on hospital industry, cost of trial and damages.
74; Case Name: Brown v. Insurance Co; Statute Violations: Insurance Fraud, Breach of Contract; Plaintiff(s) Names: Elizabeth Brown; Defendant(s) Names: Insurance Co; Trial Location: Chicago, Illinois; Judges involved: Judge H. Jackson; Jury Verdict or Judge Ruling: Judge Ruling - in favor of the plaintiff; Sentencing information: Defendant ordered to pay $12 million in damages; Appeal Status: Not yet; Evidence presented: Insurance claims, testimony from experts; Professionals hired: Insurance fraud attorney, insurance expert; Witnesses called: Insurance experts, affected policyholders; Relevant Precedents Cited: Illinois v. Metropolitan Property and Casualty Ins. Co.; Financial Implications: Impact on insurance industry, cost of trial and damages.
75; Case Name: Moore v. Food Co; Statute Violations: Federal Food, Drug, and Cosmetic Act, Product Liability; Plaintiff(s) Names: Michael Moore; Defendant(s) Names: Food Co; Trial Location: Denver, Colorado; Judges involved: Judge P. Johnson; Jury Verdict or Judge Ruling: Jury Verdict - in favor of the plaintiff; Sentencing information: Defendant ordered to pay $10 million in damages; Appeal Status: Appealed; Evidence presented: Product testing data, testimony from experts; Professionals hired: Product liability attorney, food safety expert; Witnesses called: Food safety experts, affected consumers; Relevant Precedents Cited: Public Citizen v. Department of Health and Human Services; Financial Implications: Impact on food industry, cost of trial and damages.</s>
76;  Case Name: Taylor v. Pharma Corp; Statute Violations: False Claims Act, Off-label Marketing; Plaintiff(s) Names: Alan Taylor; Defendant(s) Names: Pharma Corp; Trial Location: Washington D.C.; Judges involved: Judge L. Smith; Jury Verdict or Judge Ruling: Judge Ruling - in favor of the plaintiff; Sentencing information: Defendant ordered to pay $15 million in damages; Appeal Status: Appealed; Evidence presented: Internal documents, testimony from experts; Professionals hired: Whistleblower attorney, healthcare compliance expert; Witnesses called: Healthcare professionals, company insiders; Relevant Precedents Cited: United States ex rel. Baker v. Lockheed Martin Corp.; Financial Implications: Impact on pharmaceutical industry, cost of trial and damages.
77; Case Name: Davis v. Construction Co; Statute Violations: Occupational Safety and Health Act, Negligence; Plaintiff(s) Names: Samuel Davis; Defendant(s) Names: Construction Co; Trial Location: Houston, Texas; Judges involved: Judge R. Davis; Jury Verdict or Judge Ruling: Jury Verdict - in favor of the plaintiff; Sentencing information: Defendant ordered to pay $13 million in damages; Appeal Status: Not yet; Evidence presented: Safety records, testimony from experts; Professionals hired: Personal injury attorney, safety expert; Witnesses called: Safety professionals, affected workers; Relevant Precedents Cited: Bunting v. PAS Technologies, Inc.; Financial Implications: Impact on construction industry, cost of trial and damages.
78; Case Name: Martin v. Tech Co; Statute Violations: Americans with Disabilities Act, Discrimination; Plaintiff(s) Names: Laura Martin; Defendant(s) Names: Tech Co; Trial Location: San Francisco, California; Judges involved: Judge K. Thompson; Jury Verdict or Judge Ruling: Judge Ruling - in favor of the plaintiff; Sentencing information: Defendant ordered to pay $14 million in damages; Appeal Status: Appealed; Evidence presented: Personnel records, testimony from experts; Professionals hired: Civil rights attorney, HR expert; Witnesses called: HR professionals, affected employees; Relevant Precedents Cited: Colwell v. Rite Aid Corp.; Financial Implications: Impact on technology industry, cost of trial and damages.
79; Case Name: Thompson v. Bank Corp; Statute Violations: Fair Credit Reporting Act, Fraud; Plaintiff(s) Names: Ronald Thompson; Defendant(s) Names: Bank Corp; Trial Location: New York, New York; Judges involved: Judge M. Wilson; Jury Verdict or Judge Ruling: Jury Verdict - in favor of the plaintiff; Sentencing information: Defendant ordered to pay $16 million in damages; Appeal Status: Not yet; Evidence presented: Financial records, testimony from experts; Professionals hired: Consumer protection attorney, banking expert; Witnesses called: Banking professionals, affected customers; Relevant Precedents Cited: Phillips v. HSBC Bank Nevada, N.A.; Financial Implications: Impact on banking industry, cost of trial and damages.
80; Case Name: Gonzalez v. Retail Co; Statute Violations: Fair Labor Standards Act, Wage and Hour Violations; Plaintiff(s) Names: Maria Gonzalez; Defendant(s) Names: Retail Co; Trial Location: Los Angeles, California; Judges involved: Judge N. Garcia; Jury Verdict or Judge Ruling: Jury Verdict - in favor of the plaintiff; Sentencing information: Defendant ordered to pay $17 million in damages; Appeal Status: Appealed; Evidence presented: Payroll records, testimony from experts; Professionals hired: Employment attorney, wage and hour expert; Witnesses called: Employment professionals, affected workers; Relevant Precedents Cited: Alvarez v. IQ Management Services, Inc.; Financial Implications: Impact on retail industry, cost of trial and damages.
81; Case Name: Johnson v. Energy Co; Statute Violations: Clean Air Act, Environmental Law; Plaintiff(s) Names: Emily Johnson; Defendant(s) Names: Energy Co; Trial Location: Seattle, Washington; Judges involved: Judge C. Adams; Jury Verdict or Judge Ruling: Judge Ruling - in favor of the plaintiff; Sentencing information: Defendant ordered to pay $18 million in damages; Appeal Status: Not yet; Evidence presented: Environmental impact reports, testimony from experts; Professionals hired: Environmental attorney, environmental scientist; Witnesses called: Environmental professionals, affected communities; Relevant Precedents Cited: Massachusetts v. EPA; Financial Implications: Impact on energy industry, cost of trial and damages.
82; Case Name: Williams v. Transport Co; Statute Violations: Motor Carrier Safety Act, Negligence; Plaintiff(s) Names: David Williams; Defendant(s) Names: Transport Co; Trial Location: Atlanta, Georgia; Judges involved: Judge D. Roberts; Jury Verdict or Judge Ruling: Jury Verdict - in favor of the plaintiff; Sentencing information: Defendant ordered to pay $19 million in damages; Appeal Status: Appealed; Evidence presented: Driving records, testimony from experts; Professionals hired: Personal injury attorney, transportation expert; Witnesses called: Transportation professionals, affected drivers; Relevant Precedents Cited: Saia v. New York; Financial Implications: Impact on transportation industry, cost of trial and damages.
83; Case Name: Jackson v. Media Co; Statute Violations: Telecommunications Act, Discrimination; Plaintiff(s) Names: Brian Jackson; Defendant(s) Names: Media Co; Trial Location: Philadelphia, Pennsylvania; Judges involved: Judge G. Allen; Jury Verdict or Judge Ruling: Judge Ruling - in favor of the plaintiff; Sentencing information: Defendant ordered to pay $20 million in damages; Appeal Status: Appealed; Evidence presented: Employment records, testimony from experts; Professionals hired: Civil rights attorney, telecommunications expert; Witnesses called: Telecommunications professionals, affected employees; Relevant Precedents Cited: Metro Broadcasting, Inc. v. FCC; Financial Implications: Impact on media industry, cost of trial and damages.
84; Case Name: Rodriguez v. Education Co; Statute Violations: Title IX, Discrimination; Plaintiff(s) Names: Sarah Rodriguez; Defendant(s) Names: Education Co; Trial Location: Boston, Massachusetts; Judges involved: Judge H. White; Jury Verdict or Judge Ruling: Judge Ruling - in favor of the plaintiff; Sentencing information: Defendant ordered to pay $21 million in damages; Appeal Status: Not yet; Evidence presented: Educational records, testimony from experts; Professionals hired: Civil rights attorney, education expert; Witnesses called: Education professionals, affected students; Relevant Precedents Cited: Davis v. Monroe County Board of Education; Financial Implications: Impact on education industry, cost of trial and damages.
85; Case Name: Hall v. Hospital Corp; Statute Violations: Anti-Kickback Statute, Fraud; Plaintiff(s) Names: James Hall; Defendant(s) Names: Hospital Corp; Trial Location: Dallas, Texas; Judges involved: Judge I. Gonzales; Jury Verdict or Judge Ruling: Jury Verdict - in favor of the plaintiff; Sentencing information: Defendant ordered to pay $22 million in damages; Appeal Status: Appealed; Evidence presented: Financial records, testimony from experts; Professionals hired: Fraud attorney, healthcare expert; Witnesses called: Healthcare professionals, affected patients; Relevant Precedents Cited: United States v. Greber; Financial Implications: Impact on hospital industry, cost of trial and damages.</s>
86;  Case Name: Wallace v. Construction Co; Statute Violations: Fair Labor Standards Act, Wage Theft; Plaintiff(s) Names: Thomas Wallace; Defendant(s) Names: Construction Co; Trial Location: Seattle, Washington; Judges involved: Judge J. Lopez; Jury Verdict or Judge Ruling: Judge Ruling - in favor of the plaintiff; Sentencing information: Defendant ordered to pay $23 million in damages; Appeal Status: Appealed; Evidence presented: Payroll records, testimony from experts; Professionals hired: Labor attorney, industry expert; Witnesses called: Company employees, HR representatives; Relevant Precedents Cited: Anderson v. Mt. Clemens Pottery Co.; Financial Implications: Impact on construction industry, cost of trial and damages.
87; Case Name: Lee v. Tech Co; Statute Violations: Americans with Disabilities Act, Discrimination; Plaintiff(s) Names: Emily Lee; Defendant(s) Names: Tech Co; Trial Location: San Francisco, California; Judges involved: Judge K. Chen; Jury Verdict or Judge Ruling: Jury Verdict - in favor of the plaintiff; Sentencing information: Defendant ordered to pay $24 million in damages; Appeal Status: Not yet; Evidence presented: Medical records, testimony from experts; Professionals hired: Disability rights attorney, technology expert; Witnesses called: Company managers, affected employees; Relevant Precedents Cited: Olmstead v. L.C.; Financial Implications: Impact on technology industry, cost of trial and damages.
88; Case Name: Davis v. Financial Inst; Statute Violations: Truth in Lending Act, Fraud; Plaintiff(s) Names: Michael Davis; Defendant(s) Names: Financial Inst; Trial Location: New York, New York; Judges involved: Judge L. Levine; Jury Verdict or Judge Ruling: Judge Ruling - in favor of the plaintiff; Sentencing information: Defendant ordered to pay $25 million in damages; Appeal Status: Appealed; Evidence presented: Financial documents, testimony from experts; Professionals hired: Consumer law attorney, financial expert; Witnesses called: Bank employees, affected customers; Relevant Precedents Cited: Landham v. Sentinel Finance Corp.; Financial Implications: Impact on financial industry, cost of trial and damages.
89; Case Name: Thompson v. Pharma Co; Statute Violations: False Claims Act, Kickbacks; Plaintiff(s) Names: Karen Thompson; Defendant(s) Names: Pharma Co; Trial Location: Miami, Florida; Judges involved: Judge M. Roberts; Jury Verdict or Judge Ruling: Jury Verdict - in favor of the plaintiff; Sentencing information: Defendant ordered to pay $26 million in damages; Appeal Status: Not yet; Evidence presented: Contracts, testimony from experts; Professionals hired: Fraud attorney, healthcare expert; Witnesses called: Pharmaceutical professionals, affected patients; Relevant Precedents Cited: United States ex rel. Marcus v. Hospice of America, Inc.; Financial Implications: Impact on pharmaceutical industry, cost of trial and damages.
90; Case Name: Johnson v. Real Estate Co; Statute Violations: Real Estate Settlement Procedures Act, Fraud; Plaintiff(s) Names: Robert Johnson; Defendant(s) Names: Real Estate Co; Trial Location: Atlanta, Georgia; Judges involved: Judge N. Smith; Jury Verdict or Judge Ruling: Judge Ruling - in favor of the plaintiff; Sentencing information: Defendant ordered to pay $27 million in damages; Appeal Status: Appealed; Evidence presented: Real estate documents, testimony from experts; Professionals hired: Consumer law attorney, real estate expert; Witnesses called: Real estate agents, affected homebuyers; Relevant Precedents Cited: Bennett v. Mortgage Investors Corp.; Financial Implications: Impact on real estate industry, cost of trial and damages.
91; Case Name: Williams v. Entertainment Co; Statute Violations: Copyright Act, Piracy; Plaintiff(s) Names: David Williams; Defendant(s) Names: Entertainment Co; Trial Location: Los Angeles, California; Judges involved: Judge O. Thompson; Jury Verdict or Judge Ruling: Jury Verdict - in favor of the plaintiff; Sentencing information: Defendant ordered to pay $28 million in damages; Appeal Status: Not yet; Evidence presented: Copyright records, testimony from experts; Professionals hired: Intellectual property attorney, entertainment industry expert; Witnesses called: Artists, industry professionals; Relevant Precedents Cited: BMG Rights Management (US) LLC v. Cox Communications, Inc.; Financial Implications: Impact on entertainment industry, cost of trial and damages.
92; Case Name: Brown v. Retail Co; Statute Violations: Age Discrimination in Employment Act, Discrimination; Plaintiff(s) Names: Susan Brown; Defendant(s) Names: Retail Co; Trial Location: Chicago, Illinois; Judges involved: Judge P. Walker; Jury Verdict or Judge Ruling: Judge Ruling - in favor of the plaintiff; Sentencing information: Defendant ordered to pay $29 million in damages; Appeal Status: Appealed; Evidence presented: Employment records, testimony from experts; Professionals hired: Employment attorney, HR expert; Witnesses called: Company managers, affected employees; Relevant Precedents Cited: Gross v. FBL Financial Services, Inc.; Financial Implications: Impact on retail industry, cost of trial and damages.
93; Case Name: Davis v. Food Corp; Statute Violations: Food Safety Modernization Act, Foodborne Illness; Plaintiff(s) Names: Daniel Davis; Defendant(s) Names: Food Corp; Trial Location: Houston, Texas; Judges involved: Judge Q. Young; Jury Verdict or Judge Ruling: Jury Verdict - in favor of the plaintiff; Sentencing information: Defendant ordered to pay $30 million in damages; Appeal Status: Not yet; Evidence presented: Medical records, testimony from experts; Professionals hired: Food safety attorney, healthcare expert; Witnesses called: Health officials, affected consumers; Relevant Precedents Cited: Aujla v. United States; Financial Implications: Impact on food industry, cost of trial and damages.
94; Case Name: Moore v. Insurance Co; Statute Violations: Racketeer Influenced and Corrupt Organizations (RICO) Act, Fraud; Plaintiff(s) Names: Jennifer Moore; Defendant(s) Names: Insurance Co; Trial Location: Philadelphia, Pennsylvania; Judges involved: Judge R. Garcia; Jury Verdict or Judge Ruling: Jury Verdict - in favor of the plaintiff; Sentencing information: Defendant ordered to pay $31 million in damages; Appeal Status: Appealed; Evidence presented: Insurance documents, testimony from experts; Professionals hired: RICO attorney, insurance expert; Witnesses called: Insurance agents, affected policyholders; Relevant Precedents Cited: Sedima, S.P.R.L. v. Imrex Co.; Financial Implications: Impact on insurance industry, cost of trial and damages.
95; Case Name: Taylor v. Telecom Co; Statute Violations: Telecommunications Act, False Advertising; Plaintiff(s) Names: Anthony Taylor; Defendant(s) Names: Telecom Co; Trial Location: San Antonio, Texas; Judges involved: Judge S. Harris; Jury Verdict or Judge Ruling: Judge Ruling - in favor of the plaintiff; Sentencing information: Defendant ordered to pay $32 million in damages; Appeal Status: Not yet; Evidence presented: Advertisements, testimony from experts; Professionals hired: Advertising attorney, telecommunications expert; Witnesses called: Marketing professionals, affected consumers; Relevant Precedents Cited: Derrick v. DirectSat USA, LLC; Financial Implications: Impact on telecommunications industry, cost of trial and damages.</s>
96;  Case Name: Adams v. Pharma Corp; Statute Violations: Federal Drug Administration (FDA) regulations, False Claims Act; Plaintiff(s) Names: Laura Adams; Defendant(s) Names: Pharma Corp; Trial Location: Boston, Massachusetts; Judges involved: Judge L. White; Jury Verdict or Judge Ruling: Jury Verdict - in favor of the plaintiff; Sentencing information: Defendant ordered to pay $35 million in damages; Appeal Status: Not yet; Evidence presented: Internal documents, testimony from experts; Professionals hired: FDA regulatory attorney, healthcare expert; Witnesses called: Whistleblowers, affected patients; Relevant Precedents Cited: United States ex rel. Eisenstein v. City of New York; Financial Implications: Impact on pharmaceutical industry, cost of trial and damages.
97; Case Name: Johnson v. Bank Co; Statute Violations: Fair Credit Reporting Act, Truth in Lending Act; Plaintiff(s) Names: Michael Johnson; Defendant(s) Names: Bank Co; Trial Location: Denver, Colorado; Judges involved: Judge P. Johnson; Jury Verdict or Judge Ruling: Jury Verdict - in favor of the plaintiff; Sentencing information: Defendant ordered to pay $34 million in damages; Appeal Status: Appealed; Evidence presented: Financial records, testimony from experts; Professionals hired: Consumer protection attorney, banking expert; Witnesses called: Affected consumers, financial analysts; Relevant Precedents Cited: Jenkins v. JPMorgan Chase Bank, N.A.; Financial Implications: Impact on banking industry, cost of trial and damages.
98; Case Name: Lee v. Online Retail Co; Statute Violations: Americans with Disabilities Act, State Consumer Protection Act; Plaintiff(s) Names: Emily Lee; Defendant(s) Names: Online Retail Co; Trial Location: Seattle, Washington; Judges involved: Judge O. Brown; Jury Verdict or Judge Ruling: Judge Ruling - in favor of the plaintiff; Sentencing information: Defendant ordered to pay $33 million in damages; Appeal Status: Not yet; Evidence presented: Website accessibility test results, testimony from experts; Professionals hired: Disability rights attorney, web accessibility expert; Witnesses called: Disability advocates, web developers; Relevant Precedents Cited: National Federation of the Blind v. Target Corp.; Financial Implications: Impact on e-commerce, cost of trial and damages.
99; Case Name: Hernandez v. Tech Co; Statute Violations: Computer Fraud and Abuse Act, California Unfair Competition Law; Plaintiff(s) Names: Carlos Hernandez; Defendant(s) Names: Tech Co; Trial Location: San Jose, California; Judges involved: Judge K. Chen; Jury Verdict or Judge Ruling: Jury Verdict - in favor of the plaintiff; Sentencing information: Defendant ordered to pay $36 million in damages; Appeal Status: Appealed; Evidence presented: Computer logs, testimony from experts; Professionals hired: Cybersecurity attorney, technology expert; Witnesses called: Cybersecurity professionals, affected consumers; Relevant Precedents Cited: LVRC Holdings LLC v. Brekka; Financial Implications: Impact on technology industry, cost of trial and damages.
100; Case Name: Garcia v. Media Co; Statute Violations: Lanham Act, Right of Publicity; Plaintiff(s) Names: Sofia Garcia; Defendant(s) Names: Media Co; Trial Location: New York, New York; Judges involved: Judge M. Green; Jury Verdict or Judge Ruling: Jury Verdict - in favor of the plaintiff; Sentencing information: Defendant ordered to pay $35 million in damages; Appeal Status: Not yet; Evidence presented: Advertisements, testimony from experts; Professionals hired: Intellectual property attorney, marketing expert; Witnesses called: Celebrities, advertising professionals; Relevant Precedents Cited: White v. Samsung Electronics America, Inc.; Financial Implications: Impact on media industry, cost of trial and damages.
101; Case Name: Martinez v. Real Estate Co; Statute Violations: Real Estate Settlement Procedures Act, Fair Housing Act; Plaintiff(s) Names: Maria Martinez; Defendant(s) Names: Real Estate Co; Trial Location: Miami, Florida; Judges involved: Judge N. Gonzalez; Jury Verdict or Judge Ruling: Jury Verdict - in favor of the plaintiff; Sentencing information: Defendant ordered to pay $34 million in damages; Appeal Status: Appealed; Evidence presented: Real estate records, testimony from experts; Professionals hired: Real estate attorney, housing expert; Witnesses called: Real estate agents, affected communities; Relevant Precedents Cited: Huntington Branch, NAACP v. Huntington, W. Va.; Financial Implications: Impact on real estate industry, cost of trial and damages.
102; Case Name: Patel v. Hospital Co; Statute Violations: Patient Protection and Affordable Care Act, Emergency Medical Treatment and Active Labor Act; Plaintiff(s) Names: Ravi Patel; Defendant(s) Names: Hospital Co; Trial Location: Chicago, Illinois; Judges involved: Judge R. Martinez; Jury Verdict or Judge Ruling: Judge Ruling - in favor of the plaintiff; Sentencing information: Defendant ordered to pay $33 million in damages; Appeal Status: Not yet; Evidence presented: Medical records, testimony from experts; Professionals hired: Healthcare attorney, medical expert; Witnesses called: Patients, healthcare professionals; Relevant Precedents Cited: Estrada v. Hospice of Northern Idaho, Inc.; Financial Implications: Impact on healthcare industry, cost of trial and damages.
103; Case Name: Kim v. Auto Co; Statute Violations: Motor Vehicle Safety Act, Magnuson-Moss Warranty Act; Plaintiff(s) Names: Jenny Kim; Defendant(s) Names: Auto Co; Trial Location: Detroit, Michigan; Judges involved: Judge D. Johnson; Jury Verdict or Judge Ruling: Jury Verdict - in favor of the plaintiff; Sentencing information: Defendant ordered to pay $36 million in damages; Appeal Status: Appealed; Evidence presented: Vehicle inspection reports, testimony from experts; Professionals hired: Automotive attorney, safety expert; Witnesses called: Vehicle owners, automotive engineers; Relevant Precedents Cited: Motorsports Racing Parts Assoc. v. FTC; Financial Implications: Impact on automotive industry, cost of trial and damages.
104; Case Name: Williams v. Energy Co; Statute Violations: Clean Air Act, Resource Conservation and Recovery Act; Plaintiff(s) Names: David Williams; Defendant(s) Names: Energy Co; Trial Location: Los Angeles, California; Judges involved: Judge G. Davis; Jury Verdict or Judge Ruling: Judge Ruling - in favor of the plaintiff; Sentencing information: Defendant ordered to pay $35 million in damages; Appeal Status: Not yet; Evidence presented: Environmental impact reports, testimony from experts; Professionals hired: Environmental attorney, engineering expert; Witnesses called: Environmentalists, affected communities; Relevant Precedents Cited: Friends of the Earth, Inc. v. Laidlaw Environmental Services (TOC), Inc.; Financial Implications: Impact on energy industry, cost of trial and damages.
105; Case Name: Rodriguez v. Construction Co; Statute Violations: Occupational Safety and Health Act, Davis-Bacon Act; Plaintiff(s) Names: Jorge Rodriguez; Defendant(s) Names: Construction Co; Trial Location: Dallas, Texas; Judges involved: Judge E. Wilson; Jury Verdict or Judge Ruling: Jury Verdict - in favor of the plaintiff; Sentencing information: Defendant ordered to pay $34 million in damages; Appeal Status: Appealed; Evidence presented: Safety records, testimony from experts; Professionals hired: Construction attorney, safety expert; Witnesses called: Construction workers, regulatory inspectors; Relevant Precedents Cited: Bernhardt v. Polygraph Protectives Corp.; Financial Implications: Impact on construction industry, cost of trial and damages.</s>
