;SociologicalImplications; PolicyRecommendations; StakeholderEngagement; DisseminationStrategy; ResearchCollaboration; ResearchFunding; InstitutionalReviewBoard; ResearcherPositionality; DataManagementPlan; ResearchImpact; OpenAccess; PeerReview; ResearchIntegrity
0;  Sociological Implications: Inequality in education access; Policy Recommendations: Increase funding for public schools; Stakeholder Engagement: Collaborate with education officials, parents, and students; Dissemination Strategy: Present findings at conferences, publish in education journals; Research Collaboration: Partner with local universities and education researchers; Research Funding: Secure grants from education-focused foundations; Institutional Review Board: Obtain approval from university IRB; Researcher Positionality: Aware of our own biases as researchers; Data Management Plan: Anonymize data, store securely on university servers; Research Impact: Inform education policies and practices; Open Access: Make research available to the public; Peer Review: Submit to rigorous review by fellow education researchers; Research Integrity: Ensure accuracy and honesty in research methods and reporting.
1; Sociological Implications: High rates of homelessness among veterans; Policy Recommendations: Increase funding for supportive housing programs; Stakeholder Engagement: Collaborate with veterans' organizations, government agencies, and housing providers; Dissemination Strategy: Share findings with policymakers, publish in policy journals; Research Collaboration: Partner with other homelessness researchers and veterans' advocates; Research Funding: Secure grants from veteran-focused foundations; Institutional Review Board: Obtain approval from veterans' hospital IRB; Researcher Positionality: Aware of our own potential biases and assumptions; Data Management Plan: Ensure confidentiality and secure storage of data; Research Impact: Inform housing and healthcare policies for veterans; Open Access: Make research available to the public; Peer Review: Submit to rigorous review by fellow housing and healthcare researchers; Research Integrity: Ensure accuracy and honesty in research methods and reporting.
2; Sociological Implications: Discrimination against LGBTQ+ individuals in the workplace; Policy Recommendations: Implement anti-discrimination policies and provide diversity training; Stakeholder Engagement: Collaborate with LGBTQ+ advocacy groups, employers, and employees; Dissemination Strategy: Share findings with policymakers, publish in workplace diversity journals; Research Collaboration: Partner with other diversity and inclusion researchers; Research Funding: Secure grants from LGBTQ+ advocacy organizations; Institutional Review Board: Obtain approval from university IRB; Researcher Positionality: Aware of our own potential biases and assumptions; Data Management Plan: Ensure confidentiality and secure storage of data; Research Impact: Inform workplace policies and practices for LGBTQ+ individuals; Open Access: Make research available to the public; Peer Review: Submit to rigorous review by fellow diversity and inclusion researchers; Research Integrity: Ensure accuracy and honesty in research methods and reporting.
3; Sociological Implications: Food insecurity in low-income communities; Policy Recommendations: Increase funding for food assistance programs and improve access to healthy food options; Stakeholder Engagement: Collaborate with food banks, community organizations, and government agencies; Dissemination Strategy: Share findings with policymakers, publish in food policy journals; Research Collaboration: Partner with other food insecurity researchers; Research Funding: Secure grants from food security-focused foundations; Institutional Review Board: Obtain approval from university IRB; Researcher Positionality: Aware of our own potential biases and assumptions; Data Management Plan: Ensure confidentiality and secure storage of data; Research Impact: Inform food policies and practices in low-income communities; Open Access: Make research available to the public; Peer Review: Submit to rigorous review by fellow food policy researchers; Research Integrity: Ensure accuracy and honesty in research methods and reporting.
4; Sociological Implications: Health disparities in rural communities; Policy Recommendations: Increase funding for rural healthcare programs and improve access to healthcare services; Stakeholder Engagement: Collaborate with healthcare providers, community organizations, and government agencies; Dissemination Strategy: Share findings with policymakers, publish in healthcare journals; Research Collaboration: Partner with other rural health researchers; Research Funding: Secure grants from healthcare-focused foundations; Institutional Review Board: Obtain approval from university IRB; Researcher Positionality: Aware of our own potential biases and assumptions; Data Management Plan: Ensure confidentiality and secure storage of data; Research Impact: Inform healthcare policies and practices in rural communities; Open Access: Make research available to the public; Peer Review: Submit to rigorous review by fellow healthcare researchers; Research Integrity: Ensure accuracy and honesty in research methods and reporting.
5; Sociological Implications: Climate change and its impact on marginalized communities; Policy Recommendations: Implement policies to reduce greenhouse gas emissions and invest in climate change adaptation programs; Stakeholder Engagement: Collaborate with environmental organizations, community leaders, and policymakers; Dissemination Strategy: Share findings with policymakers, publish in environmental journals; Research Collaboration: Partner with other climate change researchers; Research Funding: Secure grants from climate change-focused foundations; Institutional Review Board: Obtain approval from university IRB; Researcher Positionality: Aware of our own potential biases and assumptions; Data Management Plan: Ensure confidentiality and secure storage of data; Research Impact: Inform climate change policies and practices that benefit marginalized communities; Open Access: Make research available to the public; Peer Review: Submit to rigorous review by fellow environmental researchers; Research Integrity: Ensure accuracy and honesty in research methods and reporting.
6; Sociological Implications: Mental health stigma and discrimination; Policy Recommendations: Implement policies to reduce mental health stigma and discrimination and increase access to mental health services; Stakeholder Engagement: Collaborate with mental health organizations, healthcare providers, and community leaders; Dissemination Strategy: Share findings with policymakers, publish in mental health journals; Research Collaboration: Partner with other mental health researchers; Research Funding: Secure grants from mental health-focused foundations; Institutional Review Board: Obtain approval from university IRB; Researcher Positionality: Aware of our own potential biases and assumptions; Data Management Plan: Ensure confidentiality and secure storage of data; Research Impact: Inform mental health policies and practices that reduce stigma and discrimination; Open Access: Make research available to the public; Peer Review: Submit to rigorous review by fellow mental health researchers; Research Integrity: Ensure accuracy and honesty in research methods and reporting.
7; Sociological Implications: Gender-based violence in conflict zones; Policy Recommendations: Implement policies to protect women and girls in conflict zones and provide support services; Stakeholder Engagement: Collaborate with human rights organizations, community leaders, and policymakers; Dissemination Strategy: Share findings with policymakers, publish in human rights journals; Research Collaboration: Partner with other human rights researchers; Research Funding: Secure grants from human rights-focused foundations; Institutional Review Board: Obtain approval from university IRB; Researcher Positionality: Aware of our own potential biases and assumptions; Data Management Plan: Ensure confidentiality and secure storage of data; Research Impact: Inform human rights policies and practices that protect women and girls in conflict zones; Open Access: Make research available to the public; Peer Review: Submit to rigorous review by fellow human rights researchers; Research Integrity: Ensure accuracy and honesty in research methods and reporting.
8; Sociological Implications: Disparities in access to technology and its impact on education; Policy Recommendations: Implement policies to increase access to technology in schools and provide training for educators; Stakeholder Engagement: Collaborate with education organizations, technology companies, and community leaders; Dissemination Strategy: Share findings with policymakers, publish in education technology journals; Research Collaboration: Partner with other education technology researchers; Research Funding: Secure grants from education technology-focused foundations; Institutional Review Board: Obtain approval from university IRB; Researcher Positionality: Aware of our own potential biases and assumptions; Data Management Plan: Ensure confidentiality and secure storage of data; Research Impact: Inform education technology policies and practices that reduce disparities; Open Access: Make research available to the public; Peer Review: Submit to rigorous review by fellow education technology researchers; Research Integrity: Ensure accuracy and honesty in research methods and reporting.
9; Sociological Implications: Inequality in the criminal justice system; Policy Recommendations: Implement policies to reduce racial and ethnic disparities in the criminal justice system and provide support services; Stakeholder Engagement: Collaborate with criminal justice organizations, community leaders, and policymakers; Dissemination Strategy: Share findings with policymakers, publish in criminal justice journals; Research Collaboration: Partner with other criminal justice researchers; Research Funding: Secure grants from criminal justice-focused foundations; Institutional Review Board: Obtain approval from university IRB; Researcher Positionality: Aware of our own potential biases and assumptions; Data Management Plan: Ensure confidentiality and secure storage of data; Research Impact: Inform criminal justice policies and practices that reduce disparities; Open Access: Make research available to the public; Peer Review: Submit to rigorous review by fellow criminal justice researchers; Research Integrity: Ensure accuracy and honesty in research methods and reporting.</s>
